Workbook

Sheet Dashboard
A1: GREENFIELD NHS TRUST · Patient Outcomes & Operational Dashboard · 2024
A2: Data from Patients sheet | Dept data from Hospital_Reference.xlsx (cross-workbook VLOOKUP) | Period: Jan-Apr 2024
A3: HOSPITAL PERFORMANCE METRICS
A4: Total Admissions | B4: Total Readmissions | C4: Readmission Rate | D4: Avg LOS (days) | E4: Mortality Rate | F4: Departments | G4: Total Bed Capacity | H4: Discharge Rate
A5: =COUNTA(Patients!A2:A41) -> 40 | B5: =SUM(Patients!J2:J41) -> 5 | C5: =IFERROR(B5/A5,0) -> 0.125 | D5: =AVERAGE(Patients!H2:H41) -> 3.975 | E5: =IFERROR(COUNTIF(Patients!I2:I41,"Deceased")/COUNTA(Patients!A2:A41),0) -> 0.075 | F5: =COUNTA(Dept_Reference!A2:A7) -> 6 | G5: =SUM(Dept_Reference!C2:C7) -> 178 | H5: =IFERROR(COUNTIF(Patients!I2:I41,"Discharged")/COUNTA(Patients!A2:A41),0) -> 0.85
A7: SHEET GUIDE
A8: Patients | B8: 40 patient records: admission, discharge, LOS, diagnosis, outcome, 30-day readmission
A9: Dept_Reference | B9: Dept metadata; VLOOKUP from Hospital_Reference.xlsx (cross-workbook, col E = red text)
A10: Dept_Analysis | B10: SUMIF/AVERAGEIF per department; occupancy & readmission metrics; conditional formatting
A11: Monthly_Admissions | B11: Monthly trend; MoM formulas; embedded bar chart
A12: Age_Risk_Profile | B12: Age-banded risk analysis; colour-scale conditional formatting on readmission rate
A13: Assumptions | B13: Blue=input values; yellow=cells under review; NHS benchmarks

Sheet Patients
A1: Patient ID | B1: Admission Date | C1: Discharge Date | D1: Age | E1: Gender | F1: Dept Code | G1: ICD-10 | H1: LOS (days) | I1: Outcome | J1: Readmission 30d
A2: PAT-001 | B2: 2024-01-03 | C2: 2024-01-08 | D2: 67 | E2: M | F2: CARD | G2: I21.0 | H2: 5 | I2: Discharged | J2: 0
A3: PAT-002 | B3: 2024-01-05 | C3: 2024-01-07 | D3: 54 | E3: F | F3: CARD | G3: I10 | H3: 2 | I3: Discharged | J3: 0
A4: PAT-003 | B4: 2024-01-07 | C4: 2024-01-11 | D4: 72 | E4: M | F4: ORTH | G4: M16.1 | H4: 4 | I4: Discharged | J4: 0
A5: PAT-004 | B5: 2024-01-09 | C5: 2024-01-10 | D5: 35 | E5: F | F5: A&E | G5: T14.0 | H5: 1 | I5: Discharged | J5: 0
A6: PAT-005 | B6: 2024-01-12 | C6: 2024-01-20 | D6: 61 | E6: M | F6: ONCO | G6: C34.1 | H6: 8 | I6: Discharged | J6: 1
A7: PAT-006 | B7: 2024-01-14 | C7: 2024-01-18 | D7: 78 | E7: F | F7: NEUR | G7: G35 | H7: 4 | I7: Transferred | J7: 0
A8: PAT-007 | B8: 2024-01-16 | C8: 2024-01-20 | D8: 9 | E8: M | F8: PEDS | G8: J18.9 | H8: 4 | I8: Discharged | J8: 0
A9: PAT-008 | B9: 2024-01-19 | C9: 2024-01-21 | D9: 45 | E9: F | F9: ORTH | G9: S52.5 | H9: 2 | I9: Discharged | J9: 0
A10: PAT-009 | B10: 2024-01-22 | C10: 2024-01-24 | D10: 58 | E10: M | F10: CARD | G10: I10 | H10: 2 | I10: Discharged | J10: 0
A11: PAT-010 | B11: 2024-01-25 | C11: 2024-02-02 | D11: 70 | E11: F | F11: ONCO | G11: C34.1 | H11: 8 | I11: Deceased | J11: 0
A12: PAT-011 | B12: 2024-02-01 | C12: 2024-02-06 | D12: 63 | E12: M | F12: CARD | G12: I21.0 | H12: 5 | I12: Discharged | J12: 1
A13: PAT-012 | B13: 2024-02-04 | C13: 2024-02-06 | D13: 28 | E13: F | F13: A&E | G13: T14.0 | H13: 2 | I13: Discharged | J13: 0
... A41: PAT-040 | B41: 2024-05-01 | C41: 2024-05-03 | D41: 81 | E41: F | F41: A&E | G41: T14.0 | H41: 2 | I41: Discharged | J41: 0

Sheet Dept_Reference
A1: Dept Code | B1: Department Name | C1: Bed Capacity | D1: Head of Dept | E1: Source Note
A2: CARD | B2: Cardiology | C2: 40 | D2: Dr. Sarah Mitchell | E2: VLOOKUP from [Hospital_Reference.xlsx]Departments - formula: =VLOOKUP(A2,[Hospital_Reference.xlsx]Departments!$A:$E,2,FALSE) - open both files in Excel to activate
A3: ORTH | B3: Orthopaedics | C3: 35 | D3: Dr. James Osei | E3: Cross-workbook VLOOKUP from Hospital_Reference.xlsx (see row 2)
A4: PEDS | B4: Paediatrics | C4: 30 | D4: Dr. Amelia Nwosu | E4: Cross-workbook VLOOKUP from Hospital_Reference.xlsx (see row 2)
A5: NEUR | B5: Neurology | C5: 25 | D5: Dr. David Firth | E5: Cross-workbook VLOOKUP from Hospital_Reference.xlsx (see row 2)
A6: ONCO | B6: Oncology | C6: 28 | D6: Dr. Rachel Adeyemi | E6: Cross-workbook VLOOKUP from Hospital_Reference.xlsx (see row 2)
A7: A&E | B7: Accident & Emergency | C7: 20 | D7: Dr. Kevin Brooks | E7: Cross-workbook VLOOKUP from Hospital_Reference.xlsx (see row 2)

Sheet Dept_Analysis
A1: Department | B1: Admissions | C1: Bed Capacity | D1: Occupancy Rate % | E1: Avg LOS (days) | F1: Readmission Rate % | G1: Outcomes: Discharged | H1: Outcomes: Other
A2: Cardiology | B2: 11 | C2: 40 | D2: 0.0116 | E2: 3.8 | F2: 0.1818 | G2: 11 | H2: 0
A3: Orthopaedics | B3: 7 | C3: 35 | D3: 0.006 | E3: 2.7 | F3: 0 | G3: 7 | H3: 0
A4: Paediatrics | B4: 4 | C4: 30 | D4: 0.0059 | E4: 4 | F4: 0 | G4: 4 | H4: 0
A5: Neurology | B5: 4 | C5: 25 | D5: 0.0098 | E5: 5.5 | F5: 0 | G5: 2 | H5: 2
A6: Oncology | B6: 6 | C6: 28 | D6: 0.0174 | E6: 7.3 | F6: 0.5 | G6: 3 | H6: 3
A7: Accident & Emergency | B7: 8 | C7: 20 | D7: 0.0089 | E7: 2 | F7: 0 | G7: 7 | H7: 1
A8: ALL DEPARTMENTS | B8: =SUM(B2:B7) -> 40 | C8: =SUM(C2:C7) -> 178 | D8: =AVERAGE(D2:D7) -> 0.0099333333 | E8: =AVERAGE(E2:E7) -> 4.2166667 | F8: =AVERAGE(F2:F7) -> 0.11363333 | G8: =SUM(G2:G7) -> 34 | H8: =SUM(H2:H7) -> 6

Sheet Monthly_Admissions
A1: Month | B1: Total Admissions | C1: Avg LOS (days) | D1: Readmissions | E1: Readmission Rate % | F1: Deceased | G1: Discharge Rate %
A2: Jan-24 | B2: 10 | C2: 4 | D2: 1 | E2: =IFERROR(D2/B2,0) -> 0.1 | F2: 1 | G2: =IFERROR(8/B2,0) -> 0.8
A3: Feb-24 | B3: 9 | C3: 3.7 | D3: 1 | E3: =IFERROR(D3/B3,0) -> 0.11111111 | F3: 0 | G3: =IFERROR(8/B3,0) -> 0.88888889
A4: Mar-24 | B4: 10 | C4: 4.5 | D4: 2 | E4: =IFERROR(D4/B4,0) -> 0.2 | F4: 1 | G4: =IFERROR(9/B4,0) -> 0.9
A5: Apr-24 | B5: 10 | C5: 3.9 | D5: 1 | E5: =IFERROR(D5/B5,0) -> 0.1 | F5: 1 | G5: =IFERROR(8/B5,0) -> 0.8
A6: May-24 | B6: 1 | C6: 2 | D6: 0 | E6: =IFERROR(D6/B6,0) -> 0 | F6: 0 | G6: =IFERROR(1/B6,0) -> 1

Sheet Age_Risk_Profile
A1: Age Band | B1: Patient Count | C1: Avg LOS (days) | D1: Readmission Count | E1: Readmission Rate % | F1: Avg Age
A2: 0-17 | B2: 4 | C2: 4 | D2: 0 | E2: =IFERROR(D2/B2,0) -> 0 | F2: 8
A3: 18-40 | B3: 6 | C3: 2.2 | D3: 0 | E3: =IFERROR(D3/B3,0) -> 0 | F3: 34
A4: 41-60 | B4: 11 | C4: 3.2 | D4: 0 | E4: =IFERROR(D4/B4,0) -> 0 | F4: 51
A5: 61-80 | B5: 16 | C5: 5.6 | D5: 5 | E5: =IFERROR(D5/B5,0) -> 0.3125 | F5: 69
A6: 81+ | B6: 3 | C6: 1.7 | D6: 0 | E6: =IFERROR(D6/B6,0) -> 0 | F6: 84

Sheet Assumptions
A1: Parameter | B1: Value | C1: Notes
A2: Analysis Period | B2: Jan-Apr 2024 | C2: Q1 + April 2024
A3: Reporting Currency | B3: GBP | C3: NHS standard
A4: Occupancy Base Days | B4: 90 | C4: 3-month rolling period
A5: Readmission Window | B5: 30 days | C5: NHSE standard 30-day readmission metric
A6: Target Readmission Rate | B6: 0.05 | C6: NHS England benchmark
A7: Target Occupancy Rate | B7: 0.85 | C7: NHS recommended max occupancy
